"bacteria","antibiotic","mu","Bmax","kmax","EC50","pow"
"327","ery",2.04052325048393,2324080099.91217,1.09692776114084,3.41911843839871,0.666295320438714
"327","tet",1.97948560677469,1100002240.8949,5.40081762007904,81.4288280310108,0.299873490277015
"201kt7","ery",2.07443217751918,1100000007.05757,3.91208742595113,9.26025614494022,0.217154140800698
"201kt7","tet",2.16157690337305,1099999997.16162,1.66127843539021,7.27384068032388,2.4064725255063
"drp","ery",2.29484813588306,1099999995.30311,1.12095941260149,2.00581393907881,0.598041788168081
"drp","tet",2.48533116939074,1099999999.57716,1.51775983274093,3.72024342781723,1.48659142526414
